<?xml version="1.0" encoding="UTF-8"?>
<rss version="2.0" xmlns:sparkle="http://www.andymatuschak.org/xml-namespaces/sparkle" xmlns:dc="http://purl.org/dc/elements/1.1/">
    <channel>
        <title>SPHERE</title>
        <description>Most recent changes with links to updates.</description>
        <language>en</language>
        <item>
            <title><![CDATA[Version 2.0]]></title>
            <description><![CDATA[<ul>
                <li>修復問題 01</li>
                </ul>
            ]]></description>
            <pubDate>Wed, 10 Apr 2019 19:58:11 +0000</pubDate>
            <enclosure
                url="https://raw.githubusercontent.com/dingerjk/SPARKLE/master/Sphere.zip"
                sparkle:shortVersionString="2.0"
                sparkle:version="1"
                type="application/octet-stream"
                sparkle:edSignature="x/nMHm/kyp/zz65Ez7ciabjXEKpKY43ZIDVURFRnUuFmquxlVnLdhjgtPKpov15ZOhTvPikx/Wg4T9CMDudEAg=="
                length="9988910"
            />
            <sparkle:minimumSystemVersion>10.15</sparkle:minimumSystemVersion>
        </item>
    </channel>
</rss>
